"Symbol","Description","Category2","Category3","GICS Sector","Market cap","Dividend yield","Price to TTM earnings","Price to TTM sales","Price to book value","Action"
"AAPL","Apple Inc","Common stocks","Large cap","Information Technology","$2,780,722,218,560","0.52%","0.00","0.00","0.00","Analyze"
"MSFT","Microsoft Corp","Common stocks","Large cap","Information Technology","$2,182,999,529,853","0.83%","0.00","0.00","0.00","Analyze"
"AMZN","Amazon.Com Inc.","Common stocks","Large cap","Consumer Discretionary","$1,474,954,186,550","0.00%","0.00","0.00","0.00","Analyze"
"TSLA","Tesla Inc","Common stocks","Large cap","Consumer Discretionary","$960,607,021,895","0.00%","0.00","0.00","0.00","Analyze"
"BRK.B","Berkshire Hathaway Inc. Class B","Common stocks","Large cap","Financials","$675,735,341,361","0.00%","0.00","0.00","0.00","Analyze"
"META","Meta Platforms, Inc.","Common stocks","Large cap","Communication Services","$512,207,402,972","0.00%","0.00","0.00","0.00","Analyze"
"UNH","Unitedhealth Group Inc","Common stocks","Large cap","Health Care","$510,831,205,585","1.09%","0.00","0.00","0.00","Analyze"
"V","Visa Inc Class A","Common stocks","Large cap","Information Technology","$478,576,560,000","0.69%","0.00","0.00","0.00","Analyze"
"NVDA","Nvidia Corp","Common stocks","Large cap","Information Technology","$471,975,000,000","0.08%","0.00","0.00","0.00","Analyze"
"JNJ","Johnson & Johnson","Common stocks","Large cap","Health Care","$440,571,675,005","2.55%","0.00","0.00","0.00","Analyze"
"WMT","Walmart Stores Inc","Common stocks","Large cap","Consumer Staples","$382,034,082,469","1.59%","0.00","0.00","0.00","Analyze"
"XOM","Exxon Mobil Corp","Common stocks","Large cap","Energy","$381,172,015,541","3.79%","0.00","0.00","0.00","Analyze"
"JPM","JP Morgan Chase & Co","Common stocks","Large cap","Financials","$362,553,924,576","3.22%","0.00","0.00","0.00","Analyze"
"PG","Procter & Gamble","Common stocks","Large cap","Consumer Staples","$358,265,813,678","2.36%","0.00","0.00","0.00","Analyze"
"MA","Mastercard Inc Class A","Common stocks","Large cap","Information Technology","$344,404,313,483","0.53%","0.00","0.00","0.00","Analyze"
"HD","Home Depot Inc","Common stocks","Large cap","Consumer Discretionary","$336,466,414,221","2.15%","0.00","0.00","0.00","Analyze"
"CVX","Chevron Corp","Common stocks","Large cap","Energy","$307,316,472,653","3.53%","0.00","0.00","0.00","Analyze"
"LLY","Eli Lilly","Common stocks","Large cap","Health Care","$294,848,747,463","1.22%","0.00","0.00","0.00","Analyze"
"BAC","Bank of America Corp","Common stocks","Large cap","Financials","$294,411,157,876","2.27%","0.00","0.00","0.00","Analyze"
"KO","Coca-Cola","Common stocks","Large cap","Consumer Staples","$281,230,635,185","2.62%","0.00","0.00","0.00","Analyze"
"PFE","Pfizer Inc","Common stocks","Large cap","Health Care","$279,831,861,197","3.15%","0.00","0.00","0.00","Analyze"
"ABBV","Abbvie Inc","Common stocks","Large cap","Health Care","$252,042,155,362","3.83%","0.00","0.00","0.00","Analyze"
"PEP","Pepsico Inc","Common stocks","Large cap","Consumer Staples","$248,824,727,097","2.40%","0.00","0.00","0.00","Analyze"
"COST","Costco Wholesale Corp","Common stocks","Large cap","Consumer Staples","$244,967,370,056","0.61%","0.00","0.00","0.00","Analyze"
"TMO","Thermo Fisher Scientific Inc","Common stocks","Large cap","Health Care","$235,900,051,910","0.19%","0.00","0.00","0.00","Analyze"
"MRK","Merck & Co Inc","Common stocks","Large cap","Health Care","$229,489,821,159","2.96%","0.00","0.00","0.00","Analyze"
"DIS","Walt Disney","Common stocks","Large cap","Communication Services","$227,809,299,814","0.00%","0.00","0.00","0.00","Analyze"
"AVGO","Broadcom Inc.","Common stocks","Large cap","Information Technology","$222,766,034,205","3.51%","0.00","0.00","0.00","Analyze"
"DHR","Danaher Corp","Common stocks","Large cap","Health Care","$218,582,780,270","0.31%","0.00","0.00","0.00","Analyze"
"ACN","Accenture Plc Class A","Common stocks","Large cap","Information Technology","$213,058,319,666","1.20%","0.00","0.00","0.00","Analyze"
"ORCL","Oracle Corp","Common stocks","Large cap","Information Technology","$211,914,915,520","1.60%","0.00","0.00","0.00","Analyze"
"ADBE","Adobe Inc","Common stocks","Large cap","Information Technology","$209,458,080,000","0.00%","0.00","0.00","0.00","Analyze"
"ABT","Abbott Laboratories","Common stocks","Large cap","Health Care","$196,189,147,808","1.65%","0.00","0.00","0.00","Analyze"
"MCD","Mcdonalds Corp","Common stocks","Large cap","Consumer Discretionary","$195,914,152,095","2.02%","0.00","0.00","0.00","Analyze"
"CSCO","Cisco Systems Inc","Common stocks","Large cap","Information Technology","$193,672,888,010","3.19%","0.00","0.00","0.00","Analyze"
"VZ","Verizon Communications Inc","Common stocks","Large cap","Communication Services","$192,346,932,161","6.84%","0.00","0.00","0.00","Analyze"
"CRM","Salesforce.Com Inc","Common stocks","Large cap","Information Technology","$188,642,050,000","0.00%","0.00","0.00","0.00","Analyze"
"NKE","Nike Inc Class B","Common stocks","Large cap","Consumer Discretionary","$185,334,131,689","1.00%","0.00","0.00","0.00","Analyze"
"TMUS","T Mobile US Inc","Common stocks","Large cap","Communication Services","$183,880,066,435","0.00%","0.00","0.00","0.00","Analyze"
"UPS","United Parcel Service Inc Class B","Common stocks","Large cap","Industrials","$178,368,940,000","3.16%","0.00","0.00","0.00","Analyze"
"CMCSA","Comcast A Corp","Common stocks","Large cap","Communication Services","$177,737,125,033","2.57%","0.00","0.00","0.00","Analyze"
"NEE","Nextera Energy Inc","Common stocks","Large cap","Utilities","$177,354,602,755","1.78%","0.00","0.00","0.00","Analyze"
"WFC","Wells Fargo","Common stocks","Large cap","Financials","$174,707,860,385","2.15%","0.00","0.00","0.00","Analyze"
"QCOM","Qualcomm Inc","Common stocks","Large cap","Information Technology","$168,483,690,000","1.85%","0.00","0.00","0.00","Analyze"
"TXN","Texas Instrument Inc","Common stocks","Large cap","Information Technology","$167,537,382,446","2.48%","0.00","0.00","0.00","Analyze"
"AMD","Advanced Micro Devices Inc","Common stocks","Large cap","Information Technology","$161,754,954,180","0.00%","0.00","0.00","0.00","Analyze"
"BMY","Bristol Myers Squibb","Common stocks","Large cap","Health Care","$158,286,464,863","2.82%","0.00","0.00","0.00","Analyze"
"PM","Philip Morris International Inc","Common stocks","Large cap","Consumer Staples","$157,682,613,724","4.82%","0.00","0.00","0.00","Analyze"
"MS","Morgan Stanley","Common stocks","Large cap","Financials","$157,638,991,509","3.09%","0.00","0.00","0.00","Analyze"
"LIN","Linde Plc","Common stocks","Large cap","Materials","$155,634,589,477","1.42%","0.00","0.00","0.00","Analyze"
"UNP","Union Pacific Corp","Common stocks","Large cap","Industrials","$150,717,908,662","1.94%","0.00","0.00","0.00","Analyze"
"INTC","Intel Corporation Corp","Common stocks","Large cap","Information Technology","$148,596,140,000","3.93%","0.00","0.00","0.00","Analyze"
"SCHW","Charles Schwab Corporation","Common stocks","Large cap","Financials","$145,027,389,460","1.03%","0.00","0.00","0.00","Analyze"
"RTX","Raytheon Technologies Corporation","Common stocks","Large cap","Industrials","$140,342,660,072","2.17%","0.00","0.00","0.00","Analyze"
"CVS","CVS Health Corp","Common stocks","Large cap","Health Care","$139,724,369,929","2.00%","0.00","0.00","0.00","Analyze"
"HON","Honeywell International Inc","Common stocks","Large cap","Industrials","$137,210,914,203","1.91%","0.00","0.00","0.00","Analyze"
"LOW","Lowes Companies Inc","Common stocks","Large cap","Consumer Discretionary","$136,850,265,080","1.60%","0.00","0.00","0.00","Analyze"
"AMGN","Amgen Inc","Common stocks","Large cap","Health Care","$135,417,744,678","2.21%","0.00","0.00","0.00","Analyze"
"INTU","Intuit Inc","Common stocks","Large cap","Information Technology","$133,783,284,195","0.56%","0.00","0.00","0.00","Analyze"
"T","AT&T Inc.","Common stocks","Large cap","Communication Services","$132,329,820,000","7.06%","0.00","0.00","0.00","Analyze"
"SPGI","S&P Global Inc","Common stocks","Large cap","Financials","$129,654,795,000","0.81%","0.00","0.00","0.00","Analyze"
"AMT","American Tower Corporation","REITs","Large cap","Real Estate","$129,642,674,533","1.97%","0.00","0.00","0.00","Analyze"
"COP","ConocoPhillips","Common stocks","Large cap","Energy","$129,474,299,655","3.00%","0.00","0.00","0.00","Analyze"
"MDT","Medtronic Plc","Common stocks","Large cap","Health Care","$127,862,099,055","2.67%","0.00","0.00","0.00","Analyze"
"AXP","American Express","Common stocks","Large cap","Financials","$123,970,796,911","1.14%","0.00","0.00","0.00","Analyze"
"IBM","International Business Machines Co","Common stocks","Large cap","Information Technology","$123,338,309,006","4.73%","0.00","0.00","0.00","Analyze"
"GS","Goldman Sachs Group Inc","Common stocks","Large cap","Financials","$121,171,114,472","2.24%","0.00","0.00","0.00","Analyze"
"ELV","Elevance Health, Inc.","Common stocks","Large cap","Health Care","$118,147,541,642","0.98%","0.00","0.00","0.00","Analyze"
"PYPL","Paypal Holdings Inc","Common stocks","Large cap","Information Technology","$118,053,057,218","0.00%","0.00","0.00","0.00","Analyze"
"LMT","Lockheed Martin Corp","Common stocks","Large cap","Industrials","$116,709,399,835","2.49%","0.00","0.00","0.00","Analyze"
"BLK","Blackrock Inc","Common stocks","Large cap","Financials","$114,142,489,235","2.36%","0.00","0.00","0.00","Analyze"
"DE","Deere & Company","Common stocks","Large cap","Industrials","$113,079,085,927","1.15%","0.00","0.00","0.00","Analyze"
"NFLX","Netflix Inc","Common stocks","Large cap","Communication Services","$108,544,615,516","0.00%","0.00","0.00","0.00","Analyze"
"ADP","Automatic Data Processing Inc","Common stocks","Large cap","Information Technology","$108,051,036,519","1.55%","0.00","0.00","0.00","Analyze"
"C","Citigroup Inc","Common stocks","Large cap","Financials","$104,930,927,374","3.71%","0.00","0.00","0.00","Analyze"
"CAT","Caterpillar Inc","Common stocks","Large cap","Industrials","$104,272,613,925","2.27%","0.00","0.00","0.00","Analyze"
"SBUX","Starbucks Corp","Common stocks","Large cap","Consumer Discretionary","$102,577,560,000","2.17%","0.00","0.00","0.00","Analyze"
"BA","Boeing","Common stocks","Large cap","Industrials","$102,183,025,962","0.00%","0.00","0.00","0.00","Analyze"
"PLD","Prologis, Inc","REITs","Large cap","Real Estate","$101,513,227,580","2.05%","0.00","0.00","0.00","Analyze"
"NOW","Servicenow Inc","Common stocks","Large cap","Information Technology","$100,341,480,000","0.00%","0.00","0.00","0.00","Analyze"
"EL","Estee Lauder Inc Class A","Common stocks","Large cap","Consumer Staples","$99,843,310,979","0.84%","0.00","0.00","0.00","Analyze"
"AMAT","Applied Material Inc","Common stocks","Large cap","Information Technology","$94,380,580,082","1.12%","0.00","0.00","0.00","Analyze"
"ADI","Analog Devices Inc","Common stocks","Large cap","Information Technology","$93,066,071,253","1.61%","0.00","0.00","0.00","Analyze"
"MDLZ","Mondelez International Inc","Common stocks","Large cap","Consumer Staples","$90,402,540,813","2.10%","0.00","0.00","0.00","Analyze"
"GE","General Electric","Common stocks","Large cap","Industrials","$88,897,559,979","0.39%","0.00","0.00","0.00","Analyze"
"CI","Cigna Corp","Common stocks","Large cap","Health Care","$88,669,819,463","1.45%","0.00","0.00","0.00","Analyze"
"MMC","Marsh & McLennan Inc","Common stocks","Large cap","Financials","$86,795,940,291","1.26%","0.00","0.00","0.00","Analyze"
"DUK","Duke Energy Corp","Common stocks","Large cap","Utilities","$86,313,543,037","3.48%","0.00","0.00","0.00","Analyze"
"MMM","3M","Common stocks","Large cap","Industrials","$85,588,686,221","3.95%","0.00","0.00","0.00","Analyze"
"BKNG","Booking Holdings Inc","Common stocks","Large cap","Consumer Discretionary","$85,421,639,572","0.00%","0.00","0.00","0.00","Analyze"
"SYK","Stryker Corp","Common stocks","Large cap","Health Care","$84,767,018,573","1.21%","0.00","0.00","0.00","Analyze"
"SO","Southern Co","Common stocks","Large cap","Utilities","$84,051,514,372","3.34%","0.00","0.00","0.00","Analyze"
"TGT","Target Corp","Common stocks","Large cap","Consumer Discretionary","$83,553,456,658","2.08%","0.00","0.00","0.00","Analyze"
"ISRG","Intuitive Surgical Inc","Common stocks","Large cap","Health Care","$83,460,456,682","0.00%","0.00","0.00","0.00","Analyze"
"GILD","Gilead Sciences Inc","Common stocks","Large cap","Health Care","$83,135,859,244","4.26%","0.00","0.00","0.00","Analyze"
"CB","Chubb Ltd","Common stocks","Large cap","Financials","$83,131,521,466","1.61%","0.00","0.00","0.00","Analyze"
"GOOG","Alphabet Inc Class C","Common stocks","Large cap","Communication Services","$82,715,200,190","0.00%","0.00","0.00","0.00","Analyze"
"GOOGL","Alphabet Inc Class A","Common stocks","Large cap","Communication Services","$82,715,200,190","0.00%","0.00","0.00","0.00","Analyze"
"MO","Altria Group Inc","Common stocks","Large cap","Consumer Staples","$82,369,661,538","7.66%","0.00","0.00","0.00","Analyze"
"ZTS","Zoetis Inc","Common stocks","Large cap","Health Care","$80,421,524,597","0.71%","0.00","0.00","0.00","Analyze"
"CCI","Crown Castle International Corp.","REITs","Large cap","Real Estate","$78,947,388,220","3.11%","0.00","0.00","0.00","Analyze"
"TJX","TJX Companies, Inc.","Common stocks","Large cap","Consumer Discretionary","$78,089,534,934","1.65%","0.00","0.00","0.00","Analyze"
"VRTX","Vertex Pharmaceuticals Inc","Common stocks","Large cap","Health Care","$77,707,223,046","0.00%","0.00","0.00","0.00","Analyze"
"CHTR","Charter Communications Inc Class A","Common stocks","Large cap","Communication Services","$77,568,931,011","0.00%","0.00","0.00","0.00","Analyze"
"BDX","Becton Dickinson","Common stocks","Large cap","Health Care","$76,369,547,091","1.26%","0.00","0.00","0.00","Analyze"
"NOC","Northrop Grumman Corp","Common stocks","Large cap","Industrials","$75,112,335,665","1.32%","0.00","0.00","0.00","Analyze"
"CME","CME Group Inc Class A","Common stocks","Large cap","Financials","$73,849,165,202","1.84%","0.00","0.00","0.00","Analyze"
"CSX","CSX Corp","Common stocks","Large cap","Industrials","$73,744,344,724","1.12%","0.00","0.00","0.00","Analyze"
"USB","US Bancorp","Common stocks","Large cap","Financials","$73,249,152,580","3.68%","0.00","0.00","0.00","Analyze"
"WM","Waste Management Inc","Common stocks","Large cap","Industrials","$72,255,216,339","1.39%","0.00","0.00","0.00","Analyze"
"PNC","PNC Financial Services Group, Inc.","Common stocks","Large cap","Financials","$71,788,105,660","3.11%","0.00","0.00","0.00","Analyze"
"PGR","Progressive Corp","Common stocks","Large cap","Financials","$71,646,263,460","1.55%","0.00","0.00","0.00","Analyze"
"D","Dominion Energy Inc","Common stocks","Large cap","Utilities","$71,137,364,004","3.00%","0.00","0.00","0.00","Analyze"
"FISV","Fiserv Inc","Common stocks","Large cap","Information Technology","$70,814,779,011","0.00%","0.00","0.00","0.00","Analyze"
"LRCX","Lam Research Corp","Common stocks","Large cap","Information Technology","$70,794,601,180","1.17%","0.00","0.00","0.00","Analyze"
"MU","Micron Technology Inc","Common stocks","Large cap","Information Technology","$70,446,846,597","0.65%","0.00","0.00","0.00","Analyze"
"REGN","Regeneron Pharmaceuticals Inc","Common stocks","Large cap","Health Care","$69,534,267,171","0.00%","0.00","0.00","0.00","Analyze"
"TFC","Truist Financial Corporation","Common stocks","Large cap","Financials","$68,985,722,138","3.71%","0.00","0.00","0.00","Analyze"
"CL","Colgate-Palmolive","Common stocks","Large cap","Consumer Staples","$68,547,995,735","2.22%","0.00","0.00","0.00","Analyze"
"ITW","Illinois Tool Inc","Common stocks","Large cap","Industrials","$67,206,488,156","2.23%","0.00","0.00","0.00","Analyze"
"MRNA","Moderna, Inc.","Common stocks","Large cap","Health Care","$66,807,688,475","0.00%","0.00","0.00","0.00","Analyze"
"SHW","Sherwin Williams","Common stocks","Large cap","Materials","$66,420,840,992","0.90%","0.00","0.00","0.00","Analyze"
"GD","General Dynamics Corp","Common stocks","Large cap","Industrials","$66,224,977,206","2.01%","0.00","0.00","0.00","Analyze"
"EOG","EOG Resources Inc","Common stocks","Large cap","Energy","$65,877,264,718","2.31%","0.00","0.00","0.00","Analyze"
"NSC","Norfolk Southern Corp","Common stocks","Large cap","Industrials","$65,429,073,789","1.85%","0.00","0.00","0.00","Analyze"
"F","Ford Motor Company","Common stocks","Large cap","Consumer Discretionary","$64,888,402,812","2.71%","0.00","0.00","0.00","Analyze"
"EQIX","Equinix, Inc.","REITs","Large cap","Real Estate","$64,849,174,727","1.70%","0.00","0.00","0.00","Analyze"
"AON","Aon Plc","Common stocks","Large cap","Financials","$63,488,592,657","0.71%","0.00","0.00","0.00","Analyze"
"EW","Edwards Lifesciences Corp","Common stocks","Large cap","Health Care","$63,407,776,995","0.00%","0.00","0.00","0.00","Analyze"
"ATVI","Activision Blizzard Inc","Common stocks","Large cap","Communication Services","$63,304,249,425","0.58%","0.00","0.00","0.00","Analyze"
"FIS","Fidelity National Information Services","Common stocks","Large cap","Information Technology","$62,931,860,332","1.65%","0.00","0.00","0.00","Analyze"
"HUM","Humana Inc","Common stocks","Large cap","Health Care","$62,671,922,324","0.60%","0.00","0.00","0.00","Analyze"
"ICE","Intercontinental Exchange Inc","Common stocks","Large cap","Financials","$62,022,370,469","1.27%","0.00","0.00","0.00","Analyze"
"PSA","Public Storage","REITs","Large cap","Real Estate","$62,000,331,480","2.16%","0.00","0.00","0.00","Analyze"
"FDX","FedEx Corporation","Common stocks","Large cap","Industrials","$61,915,201,336","1.42%","0.00","0.00","0.00","Analyze"
"HCA","HCA Healthcare, Inc.","Common stocks","Large cap","Health Care","$61,098,969,176","0.97%","0.00","0.00","0.00","Analyze"
"ETN","Eaton Corporation, PLC","Common stocks","Large cap","Industrials","$60,979,730,000","2.07%","0.00","0.00","0.00","Analyze"
"APD","Air Products And Chemicals Inc","Common stocks","Large cap","Materials","$60,670,893,536","2.26%","0.00","0.00","0.00","Analyze"
"BSX","Boston Scientific Corp","Common stocks","Large cap","Health Care","$60,542,340,278","0.00%","0.00","0.00","0.00","Analyze"
"OXY","Occidental Petroleum Corp","Common stocks","Large cap","Energy","$59,520,999,267","0.44%","0.00","0.00","0.00","Analyze"
"MCO","Moodys Corp","Common stocks","Large cap","Financials","$59,121,865,000","0.82%","0.00","0.00","0.00","Analyze"
"SNPS","Synopsys Inc","Common stocks","Large cap","Information Technology","$58,996,035,932","0.00%","0.00","0.00","0.00","Analyze"
"DG","Dollar General Corp","Common stocks","Large cap","Consumer Discretionary","$58,288,294,282","0.75%","0.00","0.00","0.00","Analyze"
"GM","General Motors","Common stocks","Large cap","Consumer Discretionary","$56,849,328,872","0.00%","0.00","0.00","0.00","Analyze"
"KDP","Keurig Dr Pepper Inc.","Common stocks","Large cap","Consumer Staples","$56,756,095,700","1.86%","0.00","0.00","0.00","Analyze"
"PXD","Pioneer Natural Resource","Common stocks","Large cap","Energy","$55,437,642,643","1.10%","0.00","0.00","0.00","Analyze"
"CNC","Centene Corp","Common stocks","Large cap","Health Care","$55,060,382,606","0.00%","0.00","0.00","0.00","Analyze"
"MET","Metlife Inc","Common stocks","Large cap","Financials","$55,021,512,953","2.86%","0.00","0.00","0.00","Analyze"
"KLAC","KLA-Tencor Corporation","Common stocks","Large cap","Information Technology","$53,988,951,636","1.16%","0.00","0.00","0.00","Analyze"
"MAR","Marriott International Inc","Common stocks","Large cap","Consumer Discretionary","$53,953,417,754","0.18%","0.00","0.00","0.00","Analyze"
"MCK","Mckesson Corp","Common stocks","Large cap","Health Care","$53,732,193,297","0.50%","0.00","0.00","0.00","Analyze"
"AEP","American Electric Power Inc","Common stocks","Large cap","Utilities","$53,664,651,969","2.95%","0.00","0.00","0.00","Analyze"
"EMR","Emerson Electric","Common stocks","Large cap","Industrials","$53,187,435,000","2.27%","0.00","0.00","0.00","Analyze"
"SRE","Sempra Energy","Common stocks","Large cap","Utilities","$53,134,161,456","3.26%","0.00","0.00","0.00","Analyze"
"CDNS","Cadence Design Systems Inc","Common stocks","Large cap","Information technology","$52,755,578,100","0.00%","0.00","0.00","0.00","Analyze"
"ADSK","Autodesk Inc","Common stocks","Large cap","Information Technology","$50,763,477,976","0.00%","0.00","0.00","0.00","Analyze"
"ECL","Ecolab Inc","Common stocks","Large cap","Materials","$50,448,789,600","1.13%","0.00","0.00","0.00","Analyze"
"SLB","Schlumberger Nv","Common stocks","Large cap","Energy","$50,323,934,433","1.54%","0.00","0.00","0.00","Analyze"
"PAYX","Paychex Inc","Common stocks","Large cap","Information Technology","$49,778,721,679","2.08%","0.00","0.00","0.00","Analyze"
"NXPI","NXP Semiconductors Nv","Common stocks","Large cap","Information Technology","$48,803,925,835","1.51%","0.00","0.00","0.00","Analyze"
"MNST","Monster Beverage Corp","Common stocks","Large cap","Consumer Staples","$48,620,993,479","0.00%","0.00","0.00","0.00","Analyze"
"ADM","Archer-Daniels-Midland Company","Common stocks","Large cap","Consumer Staples","$48,533,420,644","1.80%","0.00","0.00","0.00","Analyze"
"MPC","Marathon Petroleum Corp","Common stocks","Large cap","Energy","$48,192,014,916","2.38%","0.00","0.00","0.00","Analyze"
"HSY","Hershey Foods","Common stocks","Large cap","Consumer Staples","$48,022,522,240","1.56%","0.00","0.00","0.00","Analyze"
"CMG","Chipotle Mexican Grill Inc","Common stocks","Large cap","Consumer Discretionary","$47,607,484,918","0.00%","0.00","0.00","0.00","Analyze"
"KHC","Kraft Heinz","Common stocks","Large cap","Consumer Staples","$47,583,825,376","4.06%","0.00","0.00","0.00","Analyze"
"APH","Amphenol Corp","Common stocks","Large cap","Information Technology","$47,330,475,657","0.93%","0.00","0.00","0.00","Analyze"
"ORLY","Oreilly Automotive Inc","Common stocks","Large cap","Consumer Discretionary","$47,019,531,199","0.00%","0.00","0.00","0.00","Analyze"
"STZ","Constellation Brands Class A","Common stocks","Large cap","Consumer Staples","$46,689,495,897","1.25%","0.00","0.00","0.00","Analyze"
"RSG","Republic Services Inc","Common stocks","Large cap","Industrials","$46,480,108,420","1.24%","0.00","0.00","0.00","Analyze"
"KMB","Kimberly Clark Corp","Common stocks","Large cap","Consumer Staples","$46,385,926,148","3.30%","0.00","0.00","0.00","Analyze"
"ROP","Roper Technologies Inc","Common stocks","Large cap","Information Technology","$46,255,187,094","0.55%","0.00","0.00","0.00","Analyze"
"GIS","General Mills Inc","Common stocks","Large cap","Consumer Staples","$46,131,804,006","2.64%","0.00","0.00","0.00","Analyze"
"LHX","L3Harris Technologies, Inc.","Common stocks","Large cap","Industrials","$45,796,551,065","1.78%","0.00","0.00","0.00","Analyze"
"EXC","Exelon Corp","Common stocks","Large cap","Utilities","$45,778,258,037","2.72%","0.00","0.00","0.00","Analyze"
"IQV","IQVIA Holdings, Inc.","Common stocks","Large cap","Health Care","$45,640,355,550","0.00%","0.00","0.00","0.00","Analyze"
"AZO","Autozone Inc","Common stocks","Large cap","Consumer Discretionary","$45,396,751,622","0.00%","0.00","0.00","0.00","Analyze"
"CTVA","Corteva, Inc.","Common stocks","Large cap","Materials","$44,941,770,000","0.91%","0.00","0.00","0.00","Analyze"
"FCX","Freeport-McMoRan, Inc.","Common stocks","Large cap","Materials","$44,864,795,156","0.95%","0.00","0.00","0.00","Analyze"
"VLO","Valero Energy Corp","Common stocks","Large cap","Energy","$44,640,779,452","3.41%","0.00","0.00","0.00","Analyze"
"O","Realty Income Corporation","REITs","Large cap","Real Estate","$44,337,795,152","3.91%","0.00","0.00","0.00","Analyze"
"COF","Capital One Financial Corp","Common stocks","Large cap","Financials","$44,315,594,067","2.06%","0.00","0.00","0.00","Analyze"
"CTAS","Cintas Corp","Common stocks","Large cap","Industrials","$44,301,155,932","0.91%","0.00","0.00","0.00","Analyze"
"SYY","Sysco Corp","Common stocks","Large cap","Consumer Staples","$43,967,762,921","2.18%","0.00","0.00","0.00","Analyze"
"TEL","TE Connectivity Ltd","Common stocks","Large cap","Information Technology","$43,961,866,152","1.50%","0.00","0.00","0.00","Analyze"
"AIG","American International Group Inc","Common stocks","Large cap","Financials","$43,564,240,832","2.21%","0.00","0.00","0.00","Analyze"
"PSX","Phillips 66","Common stocks","Large cap","Energy","$42,986,726,028","3.11%","0.00","0.00","0.00","Analyze"
"MSI","Motorola Solutions Inc","Common stocks","Large cap","Information Technology","$42,926,734,921","1.19%","0.00","0.00","0.00","Analyze"
"XEL","Xcel Energy Inc","Common stocks","Large cap","Utilities","$42,123,802,323","2.43%","0.00","0.00","0.00","Analyze"
"KMI","Kinder Morgan Inc","Common stocks","Large cap","Energy","$42,018,465,535","5.74%","0.00","0.00","0.00","Analyze"
"WMB","Williams Inc","Common stocks","Large cap","Energy","$41,819,953,787","4.78%","0.00","0.00","0.00","Analyze"
"FTNT","Fortinet Inc","Common stocks","Large cap","Information Technology","$41,744,289,352","0.00%","0.00","0.00","0.00","Analyze"
"DVN","Devon Energy Corp","Common stocks","Large cap","Energy","$41,632,184,000","4.99%","0.00","0.00","0.00","Analyze"
"TRV","Travelers Companies Inc","Common stocks","Large cap","Financials","$41,178,572,409","2.04%","0.00","0.00","0.00","Analyze"
"MCHP","Microchip Technology Inc","Common stocks","Large cap","Information Technology","$40,933,553,785","1.62%","0.00","0.00","0.00","Analyze"
"JCI","Johnson Controls International Plc","Common stocks","Large cap","Industrials","$40,639,807,523","2.20%","0.00","0.00","0.00","Analyze"
"MSCI","MSCI Inc","Common stocks","Large cap","Financials","$40,542,890,643","0.86%","0.00","0.00","0.00","Analyze"
"AFL","Aflac Inc","Common stocks","Large cap","Financials","$40,436,335,427","1.75%","0.00","0.00","0.00","Analyze"
"DOW","Dow Inc.","Common stocks","Large cap","Materials","$40,296,377,134","4.91%","0.00","0.00","0.00","Analyze"
"AJG","Arthur J Gallagher","Common stocks","Large cap","Financials","$40,102,661,760","1.03%","0.00","0.00","0.00","Analyze"
"ENPH","Enphase Energy Inc","Common stocks","Large cap","Information Technology","$39,680,854,139","0.00%","0.00","0.00","0.00","Analyze"
"A","Agilent Technologies Inc","Common stocks","Large cap","Health Care","$39,659,468,595","0.62%","0.00","0.00","0.00","Analyze"
"ANET","Arista Networks Inc","Common stocks","Large cap","Information Technology","$39,529,074,299","0.00%","0.00","0.00","0.00","Analyze"
"PH","Parker-Hannifin Corp","Common stocks","Large cap","Industrials","$39,295,955,369","1.44%","0.00","0.00","0.00","Analyze"
"PRU","Prudential Financial Inc","Common stocks","Large cap","Financials","$39,126,960,000","4.39%","0.00","0.00","0.00","Analyze"
"TT","Trane Technologies plc","Common stocks","Large cap","Industrials","$38,757,046,135","1.50%","0.00","0.00","0.00","Analyze"
"DLR","Digital Realty Trust, Inc","REITs","Large cap","Real Estate","$38,664,976,984","3.49%","0.00","0.00","0.00","Analyze"
"HLT","Hilton Worldwide Holdings Inc","Common stocks","Large cap","Consumer Discretionary","$38,131,433,097","0.11%","0.00","0.00","0.00","Analyze"
"DLTR","Dollar Tree Inc","Common stocks","Large cap","Consumer Discretionary","$37,774,816,376","0.00%","0.00","0.00","0.00","Analyze"
"GPN","Global Payments Inc","Common stocks","Large cap","Information Technology","$37,735,727,201","0.73%","0.00","0.00","0.00","Analyze"
"EA","Electronic Arts Inc","Common stocks","Large cap","Communication Services","$37,566,703,861","0.52%","0.00","0.00","0.00","Analyze"
"SBAC","SBA Communications Corporation","REITs","Large cap","Real Estate","$37,544,899,714","0.74%","0.00","0.00","0.00","Analyze"
"SPG","Simon Property Group, Inc","REITs","Large cap","Real Estate","$37,488,318,631","5.57%","0.00","0.00","0.00","Analyze"
"CARR","Carrier Global Corporation","Common stocks","Large cap","Industrials","$37,357,889,612","1.28%","0.00","0.00","0.00","Analyze"
"NUE","Nucor Corp","Common stocks","Large cap","Materials","$37,343,691,447","1.33%","0.00","0.00","0.00","Analyze"
"BF.B","Brown Forman Inc Class B","Common stocks","Large cap","Consumer Staples","$36,813,462,201","0.95%","0.00","0.00","0.00","Analyze"
"TDG","Transdigm Group Inc","Common stocks","Large cap","Industrials","$36,736,386,588","0.00%","0.00","0.00","0.00","Analyze"
"WELL","Welltower Inc","REITs","Large cap","Real Estate","$36,617,040,651","0.76%","0.00","0.00","0.00","Analyze"
"NEM","Newmont Corporation","Common stocks","Large cap","Materials","$36,548,986,334","4.72%","0.00","0.00","0.00","Analyze"
"BK","Bank Of New York Mellon Corp","Common stocks","Large cap","Financials","$36,388,888,132","3.05%","0.00","0.00","0.00","Analyze"
"WBA","Walgreen Boots Alliance Inc","Common stocks","Large cap","Consumer Staples","$36,333,349,608","4.47%","0.00","0.00","0.00","Analyze"
"CTSH","Cognizant Technology Solutions","Common stocks","Large cap","Information Technology","$36,213,877,794","1.46%","0.00","0.00","0.00","Analyze"
"HPQ","HP Inc","Common stocks","Large cap","Information Technology","$35,677,767,969","2.71%","0.00","0.00","0.00","Analyze"
"DXCM","Dexcom Inc","Common stocks","Large cap","Health Care","$35,642,499,443","0.00%","0.00","0.00","0.00","Analyze"
"ED","Consolidated Edison Inc","Common stocks","Large cap","Utilities","$35,465,300,242","3.11%","0.00","0.00","0.00","Analyze"
"KR","Kroger","Common stocks","Large cap","Consumer Staples","$35,119,703,499","1.80%","0.00","0.00","0.00","Analyze"
"ALL","Allstate Corp","Common stocks","Large cap","Financials","$35,065,446,631","2.53%","0.00","0.00","0.00","Analyze"
"ODFL","Old Dominion Freight Line Inc","Common stocks","Large cap","Industrials","$34,657,725,111","0.32%","0.00","0.00","0.00","Analyze"
"RMD","Resmed Inc","Common stocks","Large cap","Health Care","$34,570,938,014","0.71%","0.00","0.00","0.00","Analyze"
"ILMN","Illumina Inc","Common stocks","Large cap","Health Care","$34,535,293,000","0.00%","0.00","0.00","0.00","Analyze"
"MTB","M&T Bank Corp","Common stocks","Large cap","Financials","$34,342,294,105","2.44%","0.00","0.00","0.00","Analyze"
"HES","Hess Corp","Common stocks","Large cap","Energy","$34,330,100,777","1.12%","0.00","0.00","0.00","Analyze"
"PEG","Public Service Enterprise Group Inc","Common stocks","Large cap","Utilities","$34,316,589,099","3.02%","0.00","0.00","0.00","Analyze"
"OTIS","Otis Worldwide Corporation","Common stocks","Large cap","Industrials","$34,173,234,850","1.24%","0.00","0.00","0.00","Analyze"
"TWTR","Twitter Inc","Common stocks","Large cap","Communication Services","$33,976,929,149","0.00%","0.00","0.00","0.00","Analyze"
"VICI","VICI Properties Inc","REITs","Large cap","Real Estate","$33,968,305,064","4.01%","0.00","0.00","0.00","Analyze"
"YUM","Yum Brands Inc","Common stocks","Large cap","Consumer Discretionary","$33,871,936,105","1.79%","0.00","0.00","0.00","Analyze"
"WEC","WEC Energy Group Inc","Common stocks","Large cap","Utilities","$33,754,649,162","2.64%","0.00","0.00","0.00","Analyze"
"WBD","Warner Bros. Discovery, Inc. - Series A","Common stocks","Large cap","Communication Services","$33,233,746,267","0.00%","0.00","0.00","0.00","Analyze"
"PCAR","Paccar Inc","Common stocks","Large cap","Industrials","$32,953,415,781","1.42%","0.00","0.00","0.00","Analyze"
"ALB","Albemarle Corp","Common stocks","Large cap","Materials","$32,890,927,938","0.56%","0.00","0.00","0.00","Analyze"
"CMI","Cummins Inc","Common stocks","Large cap","Industrials","$32,766,615,865","2.50%","0.00","0.00","0.00","Analyze"
"ES","Eversource Energy","Common stocks","Large cap","Utilities","$32,420,165,511","2.65%","0.00","0.00","0.00","Analyze"
"ROST","Ross Stores Inc","Common stocks","Large cap","Consumer Discretionary","$32,417,181,789","1.28%","0.00","0.00","0.00","Analyze"
"PPG","PPG Industries Inc","Common stocks","Large cap","Materials","$32,243,989,412","1.73%","0.00","0.00","0.00","Analyze"
"FAST","Fastenal","Common stocks","Large cap","Industrials","$32,210,746,572","2.14%","0.00","0.00","0.00","Analyze"
"VRSK","Verisk Analytics Inc","Common stocks","Large cap","Industrials","$32,096,741,198","0.59%","0.00","0.00","0.00","Analyze"
"BIIB","Biogen Inc","Common stocks","Large cap","Health Care","$31,872,629,643","0.00%","0.00","0.00","0.00","Analyze"
"IDXX","Idexx Laboratories Inc","Common stocks","Large cap","Health Care","$31,822,896,199","0.00%","0.00","0.00","0.00","Analyze"
"IFF","International Flavors & Fragrances","Common stocks","Large cap","Materials","$31,753,659,437","2.52%","0.00","0.00","0.00","Analyze"
"ABC","AmerisourceBergen Corp","Common stocks","Large cap","Health Care","$31,640,020,325","1.20%","0.00","0.00","0.00","Analyze"
"GLW","Corning Inc","Common stocks","Large cap","Information Technology","$31,597,992,223","2.70%","0.00","0.00","0.00","Analyze"
"DD","DuPont de Nemours, Inc.","Common stocks","Large cap","Materials","$31,396,531,907","2.04%","0.00","0.00","0.00","Analyze"
"CPRT","Copart Inc","Common stocks","Large cap","Industrials","$31,284,841,179","0.00%","0.00","0.00","0.00","Analyze"
"AMP","Ameriprise Finance Inc","Common stocks","Large cap","Financials","$31,266,325,789","1.64%","0.00","0.00","0.00","Analyze"
"BAX","Baxter International Inc","Common stocks","Large cap","Health Care","$31,143,287,048","1.82%","0.00","0.00","0.00","Analyze"
"KEYS","Keysight Technologies Inc","Common stocks","Large cap","Information Technology","$30,704,171,306","0.00%","0.00","0.00","0.00","Analyze"
"AVB","AvalonBay Communities, Inc","REITs","Large cap","Real Estate","$30,656,531,339","2.87%","0.00","0.00","0.00","Analyze"
"ON","ON Semiconductor Corp","Common stocks","Large cap","Information Technology","$30,634,145,703","0.00%","0.00","0.00","0.00","Analyze"
"MTD","Mettler Toledo Inc","Common stocks","Large cap","Health Care","$30,521,213,821","0.00%","0.00","0.00","0.00","Analyze"
"DFS","Discover Financial Services","Common stocks","Large cap","Financials","$30,177,234,837","1.89%","0.00","0.00","0.00","Analyze"
"EQR","Equity Residential","REITs","Large cap","Real Estate","$30,153,400,904","3.03%","0.00","0.00","0.00","Analyze"
"ROK","Rockwell Automation Inc","Common stocks","Large cap","Industrials","$29,948,553,949","1.71%","0.00","0.00","0.00","Analyze"
"AME","Ametek Inc","Common stocks","Large cap","Industrials","$29,916,350,358","0.64%","0.00","0.00","0.00","Analyze"
"TSN","Tyson Foods Inc Class A","Common stocks","Large cap","Consumer Staples","$29,891,924,240","2.21%","0.00","0.00","0.00","Analyze"
"TROW","T Rowe Price Group Inc","Common stocks","Large cap","Financials","$29,822,892,120","3.40%","0.00","0.00","0.00","Analyze"
"LYB","Lyondellbasell Industries NV","Common stocks","Large cap","Materials","$29,815,228,674","4.94%","0.00","0.00","0.00","Analyze"
"GWW","W.W. Grainger Inc","Common stocks","Large cap","Industrials","$29,718,443,407","1.14%","0.00","0.00","0.00","Analyze"
"FRC","First Republic Bank","Common stocks","Large cap","Financials","$29,295,684,720","0.57%","0.00","0.00","0.00","Analyze"
"APTV","Aptiv Plc","Common stocks","Large cap","Consumer Discretionary","$29,279,505,065","0.00%","0.00","0.00","0.00","Analyze"
"LVS","Las Vegas Sands Corp","Common stocks","Large cap","Consumer Discretionary","$29,251,894,781","0.00%","0.00","0.00","0.00","Analyze"
"AWK","American Water Works Inc","Common stocks","Large cap","Utilities","$28,994,942,444","1.57%","0.00","0.00","0.00","Analyze"
"EXR","Extra Space Storage Inc","REITs","Large cap","Real Estate","$28,488,446,539","2.56%","0.00","0.00","0.00","Analyze"
"OKE","Oneok Inc","Common stocks","Large cap","Energy","$28,286,378,969","5.78%","0.00","0.00","0.00","Analyze"
"SIVB","SVB Financial Group","Common stocks","Large cap","Financials","$28,149,764,217","0.00%","0.00","0.00","0.00","Analyze"
"CBRE","CBRE Group Inc","Common stocks","Large cap","Real Estate","$28,035,058,053","0.00%","0.00","0.00","0.00","Analyze"
"ARE","Alexandria Real Estate Equities, Inc","REITs","Large cap","Real Estate","$27,996,415,713","2.65%","0.00","0.00","0.00","Analyze"
"HRL","Hormel Foods Corp","Common stocks","Large cap","Consumer Staples","$27,652,255,331","2.01%","0.00","0.00","0.00","Analyze"
"WY","Weyerhaeuser Company","REITs","Large cap","Real Estate","$27,458,283,350","1.84%","0.00","0.00","0.00","Analyze"
"EIX","Edison International","Common stocks","Large cap","Utilities","$27,390,630,843","3.79%","0.00","0.00","0.00","Analyze"
"STT","State Street Corp","Common stocks","Large cap","Financials","$27,380,289,858","3.03%","0.00","0.00","0.00","Analyze"
"DHI","D R Horton Inc","Common stocks","Large cap","Consumer Discretionary","$27,315,519,693","1.14%","0.00","0.00","0.00","Analyze"
"EBAY","Ebay Inc","Common stocks","Large cap","Consumer Discretionary","$27,193,707,833","1.61%","0.00","0.00","0.00","Analyze"
"CEG","Constellation Energy Corporation","Common stocks","Large cap","Utilities","$26,605,204,001","0.52%","0.00","0.00","0.00","Analyze"
"EFX","Equifax Inc","Common stocks","Large cap","Industrials","$26,437,223,302","0.72%","0.00","0.00","0.00","Analyze"
"DTE","DTE Energy","Common stocks","Large cap","Utilities","$26,365,583,954","2.53%","0.00","0.00","0.00","Analyze"
"BKR","Baker Hughes Company Class A","Common stocks","Large cap","Energy","$25,943,114,400","0.70%","0.00","0.00","0.00","Analyze"
"K","Kellogg","Common stocks","Large cap","Consumer Staples","$25,814,583,911","3.04%","0.00","0.00","0.00","Analyze"
"FITB","Fifth Third Bancorp","Common stocks","Large cap","Financials","$25,814,450,796","3.15%","0.00","0.00","0.00","Analyze"
"EPAM","Epam Systems Inc","Common stocks","Large cap","Information Technology","$25,671,925,820","0.00%","0.00","0.00","0.00","Analyze"
"HAL","Halliburton","Common stocks","Large cap","Energy","$25,584,899,578","1.17%","0.00","0.00","0.00","Analyze"
"LEN","Lennar Corporation Class A","Common stocks","Large cap","Consumer Discretionary","$25,007,214,455","1.55%","0.00","0.00","0.00","Analyze"
"IT","Gartner Inc","Common stocks","Large cap","Information Technology","$24,977,062,365","0.00%","0.00","0.00","0.00","Analyze"
"DRE","Duke Realty Corporation","REITs","Large cap","Real Estate","$24,935,978,215","1.29%","0.00","0.00","0.00","Analyze"
"MPWR","Monolithic Power Systems Inc","Common stocks","Large cap","Information Technology","$24,864,142,490","0.51%","0.00","0.00","0.00","Analyze"
"ETR","Entergy Corp","Common stocks","Large cap","Utilities","$24,861,747,349","3.26%","0.00","0.00","0.00","Analyze"
"AEE","Ameren Corp","Common stocks","Large cap","Utilities","$24,808,745,492","2.35%","0.00","0.00","0.00","Analyze"
"CDW","CDW Corp","Common stocks","Large cap","Information Technology","$24,800,490,406","1.03%","0.00","0.00","0.00","Analyze"
"WST","West Pharmaceutical Services Inc","Common stocks","Large cap","Health Care","$24,726,844,299","0.22%","0.00","0.00","0.00","Analyze"
"ANSS","Ansys Inc","Common stocks","Large cap","Information Technology","$24,703,121,634","0.00%","0.00","0.00","0.00","Analyze"
"MKC","McCormick & Co  Non-voting","Common stocks","Large cap","Consumer Staples","$24,664,616,310","1.56%","0.00","0.00","0.00","Analyze"
"FTV","Fortive Corp","Common stocks","Large cap","Industrials","$24,422,158,217","0.41%","0.00","0.00","0.00","Analyze"
"ZBH","Zimmer Biomet Holdings Inc","Common stocks","Large cap","Health Care","$24,364,245,914","0.82%","0.00","0.00","0.00","Analyze"
"WTW","Willis Towers Watson Public Limited Company","Common stocks","Large cap","Financials","$24,133,042,237","1.47%","0.00","0.00","0.00","Analyze"
"LH","Laboratory Corporation Of America","Common stocks","Large cap","Health Care","$24,023,205,000","0.28%","0.00","0.00","0.00","Analyze"
"RJF","Raymond James Inc","Common stocks","Large cap","Financials","$23,919,883,974","1.15%","0.00","0.00","0.00","Analyze"
"PAYC","Paycom Software Inc","Common stocks","Large cap","Information Technology","$23,829,859,893","0.00%","0.00","0.00","0.00","Analyze"
"URI","United Rentals Inc","Common stocks","Large cap","Industrials","$23,746,734,198","0.00%","0.00","0.00","0.00","Analyze"
"VMC","Vulcan Materials","Common stocks","Large cap","Materials","$23,708,203,682","0.88%","0.00","0.00","0.00","Analyze"
"LUV","Southwest Airlines","Common stocks","Large cap","Industrials","$23,656,870,919","0.00%","0.00","0.00","0.00","Analyze"
"FE","Firstenergy Corp","Common stocks","Large cap","Utilities","$23,438,634,591","3.75%","0.00","0.00","0.00","Analyze"
"CTRA","Coterra Energy Inc.","Common stocks","Large cap","Energy","$23,215,467,265","1.94%","0.00","0.00","0.00","Analyze"
"MLM","Martin Marietta Materials Inc","Common stocks","Large cap","Materials","$23,173,142,518","0.66%","0.00","0.00","0.00","Analyze"
"LYV","Live Nation Entertainment Inc","Common stocks","Large cap","Communication Services","$22,776,409,350","0.00%","0.00","0.00","0.00","Analyze"
"TTWO","Take Two Interactive Software Inc","Common stocks","Large cap","Communication Services","$22,768,282,576","0.00%","0.00","0.00","0.00","Analyze"
"PPL","PPL Corporation","Common stocks","Large cap","Utilities","$22,755,471,210","3.99%","0.00","0.00","0.00","Analyze"
"TSCO","Tractor Supply","Common stocks","Large cap","Consumer Discretionary","$22,725,048,016","1.40%","0.00","0.00","0.00","Analyze"
"DAL","Delta Air Lines Inc","Common stocks","Large cap","Industrials","$22,659,934,422","0.00%","0.00","0.00","0.00","Analyze"
"ALGN","Align Technology Inc","Common stocks","Large cap","Health Care","$22,576,389,792","0.00%","0.00","0.00","0.00","Analyze"
"HIG","Hartford Financial Services Group","Common stocks","Large cap","Financials","$22,519,792,323","2.15%","0.00","0.00","0.00","Analyze"
"GPC","Genuine Parts","Common stocks","Large cap","Consumer Discretionary","$22,508,735,374","2.13%","0.00","0.00","0.00","Analyze"
"VRSN","Verisign Inc","Common stocks","Large cap","Information Technology","$21,885,781,980","0.00%","0.00","0.00","0.00","Analyze"
"FANG","Diamondback Energy Inc","Common stocks","Large cap","Energy","$21,782,462,851","2.00%","0.00","0.00","0.00","Analyze"
"MAA","Mid-America Apartment Communities, Inc","REITs","Large cap","Real Estate","$21,767,146,162","2.34%","0.00","0.00","0.00","Analyze"
"IR","Ingersoll Rand Plc","Common stocks","Large cap","Industrials","$21,759,681,592","0.15%","0.00","0.00","0.00","Analyze"
"RF","Regions Financial Corp","Common stocks","Large cap","Financials","$21,649,962,850","2.90%","0.00","0.00","0.00","Analyze"
"NTRS","Northern Trust Corporation","Common stocks","Large cap","Financials","$21,626,353,461","2.67%","0.00","0.00","0.00","Analyze"
"CHD","Church And Dwight Inc","Common stocks","Large cap","Consumer Staples","$21,463,471,580","1.17%","0.00","0.00","0.00","Analyze"
"STE","STERIS PLC","Common stocks","Large cap","Health Care","$21,250,110,348","0.81%","0.00","0.00","0.00","Analyze"
"ULTA","Ulta Beauty Inc","Common stocks","Large cap","Consumer Discretionary","$21,103,427,595","0.00%","0.00","0.00","0.00","Analyze"
"HBAN","Huntington Bancshares Inc","Common stocks","Large cap","Financials","$20,868,552,158","4.18%","0.00","0.00","0.00","Analyze"
"BR","Broadridge Financial Solutions Inc","Common stocks","Large cap","Information Technology","$20,800,059,440","1.43%","0.00","0.00","0.00","Analyze"
"CNP","Centerpoint Energy Inc","Common stocks","Large cap","Utilities","$20,666,580,568","2.04%","0.00","0.00","0.00","Analyze"
"CF","CF Industries Holdings Inc","Common stocks","Large cap","Materials","$20,569,665,028","1.35%","0.00","0.00","0.00","Analyze"
"CMS","CMS Energy Corp","Common stocks","Large cap","Utilities","$20,389,142,505","2.56%","0.00","0.00","0.00","Analyze"
"PWR","Quanta Services Inc","Common stocks","Large cap","Industrials","$20,370,759,766","0.19%","0.00","0.00","0.00","Analyze"
"DOV","Dover Corp","Common stocks","Large cap","Industrials","$20,287,824,265","1.41%","0.00","0.00","0.00","Analyze"
"VTR","Ventas, Inc","REITs","Large cap","Real Estate","$20,229,462,935","3.51%","0.00","0.00","0.00","Analyze"
"JBHT","JB Hunt Transport Services Inc","Common stocks","Large cap","Industrials","$20,207,228,285","0.77%","0.00","0.00","0.00","Analyze"
"AMCR","Amcor plc","Common stocks","Large cap","Materials","$19,971,769,483","3.56%","0.00","0.00","0.00","Analyze"
"CFG","Citizens Financial Group Inc","Common stocks","Large cap","Financials","$19,870,343,946","3.91%","0.00","0.00","0.00","Analyze"
"PKI","Perkinelmer Inc","Common stocks","Large cap","Health Care","$19,728,802,447","0.18%","0.00","0.00","0.00","Analyze"
"WAT","Waters Corp","Common stocks","Large cap","Health Care","$19,711,152,535","0.00%","0.00","0.00","0.00","Analyze"
"MOS","Mosaic","Common stocks","Large cap","Materials","$19,688,816,240","0.76%","0.00","0.00","0.00","Analyze"
"PFG","Principal Financial Group Inc","Common stocks","Large cap","Financials","$19,684,764,718","3.18%","0.00","0.00","0.00","Analyze"
"CTLT","Catalent Inc","Common stocks","Large cap","Health Care","$19,573,669,745","0.00%","0.00","0.00","0.00","Analyze"
"ESS","Essex Property Trust, Inc","REITs","Large cap","Real Estate","$19,437,666,237","2.84%","0.00","0.00","0.00","Analyze"
"MOH","Molina Healthcare Inc","Common stocks","Large cap","Health Care","$19,430,383,000","0.00%","0.00","0.00","0.00","Analyze"
"HPE","Hewlett Packard Enterprise","Common stocks","Large cap","Information Technology","$19,424,990,302","3.96%","0.00","0.00","0.00","Analyze"
"BALL","Ball Corporation","Common stocks","Large cap","Materials","$19,389,626,467","1.29%","0.00","0.00","0.00","Analyze"
"FOX","Fox Corporation Class B","Common stocks","Large cap","Communication Services","$19,373,119,015","1.42%","0.00","0.00","0.00","Analyze"
"FOXA","Fox Corporation Class A","Common stocks","Large cap","Communication Services","$19,373,119,015","1.31%","0.00","0.00","0.00","Analyze"
"BRO","Brown & Brown Inc","Common stocks","Large cap","Financials","$19,246,433,890","0.60%","0.00","0.00","0.00","Analyze"
"GRMN","Garmin Ltd","Common stocks","Large cap","Consumer Discretionary","$19,206,442,695","2.06%","0.00","0.00","0.00","Analyze"
"MTCH","Match Group Inc","Common stocks","Large cap","Communication Services","$19,177,991,852","0.00%","0.00","0.00","0.00","Analyze"
"BBY","Best Buy Inc","Common stocks","Large cap","Consumer Discretionary","$19,128,056,175","3.67%","0.00","0.00","0.00","Analyze"
"CAH","Cardinal Health Inc","Common stocks","Large cap","Health Care","$19,114,017,211","2.77%","0.00","0.00","0.00","Analyze"
"TDY","Teledyne Technologies Inc","Common stocks","Large cap","Information Technology","$18,991,896,576","0.00%","0.00","0.00","0.00","Analyze"
"XYL","Xylem Inc","Common stocks","Large cap","Industrials","$18,731,696,289","1.11%","0.00","0.00","0.00","Analyze"
"VFC","VF Corp","Common stocks","Large cap","Consumer Discretionary","$18,616,657,015","4.10%","0.00","0.00","0.00","Analyze"
"KEY","Keycorp","Common stocks","Large cap","Financials","$18,444,273,789","3.84%","0.00","0.00","0.00","Analyze"
"CLX","Clorox","Common stocks","Large cap","Consumer Staples","$18,442,435,257","3.08%","0.00","0.00","0.00","Analyze"
"ROL","Rollins Inc","Common stocks","Large cap","Industrials","$18,431,133,720","1.06%","0.00","0.00","0.00","Analyze"
"NDAQ","Nasdaq Inc","Common stocks","Large cap","Financials","$18,311,532,673","1.15%","0.00","0.00","0.00","Analyze"
"HOLX","Hologic Inc","Common stocks","Large cap","Health Care","$18,187,230,739","0.00%","0.00","0.00","0.00","Analyze"
"EXPD","Expeditors International Of Washington","Common stocks","Large cap","Industrials","$18,124,129,627","1.16%","0.00","0.00","0.00","Analyze"
"COO","Cooper Companies, Inc.","Common stocks","Large cap","Health Care","$17,990,184,162","0.02%","0.00","0.00","0.00","Analyze"
"ZBRA","Zebra Technologies Corp","Common stocks","Large cap","Information Technology","$17,862,868,550","0.00%","0.00","0.00","0.00","Analyze"
"SWKS","Skyworks Solutions Inc","Common stocks","Large cap","Information Technology","$17,852,781,133","1.50%","0.00","0.00","0.00","Analyze"
"EXPE","Expedia Inc","Common stocks","Large cap","Consumer Discretionary","$17,812,438,174","0.00%","0.00","0.00","0.00","Analyze"
"TRMB","Trimble Inc","Common stocks","Large cap","Information Technology","$17,809,044,928","0.00%","0.00","0.00","0.00","Analyze"
"PARA","Paramount Global - Class B","Common stocks","Large cap","Communication Services","$17,790,579,765","3.51%","0.00","0.00","0.00","Analyze"
"WRB","WR Berkley Corp","Common stocks","Large cap","Financials","$17,667,180,468","0.54%","0.00","0.00","0.00","Analyze"
"WAB","Westinghouse Air Brake Technologies","Common stocks","Large cap","Industrials","$17,596,275,179","0.59%","0.00","0.00","0.00","Analyze"
"FLT","Fleetcor Technologies Inc","Common stocks","Large cap","Information Technology","$17,389,593,174","0.00%","0.00","0.00","0.00","Analyze"
"SYF","Synchrony Financial","Common stocks","Large cap","Financials","$17,357,777,671","2.45%","0.00","0.00","0.00","Analyze"
"SEDG","SolarEdge Technologies Inc","Common stocks","Large cap","Information Technology","$17,240,400,202","0.00%","0.00","0.00","0.00","Analyze"
"J","Jacobs Engineering Group Inc.","Common stocks","Large cap","Industrials","$17,125,949,052","0.67%","0.00","0.00","0.00","Analyze"
"STX","Seagate Technology Plc","Common stocks","Large cap","Information Technology","$17,086,630,963","3.34%","0.00","0.00","0.00","Analyze"
"TYL","Tyler Technologies Inc","Common stocks","Large cap","Information Technology","$17,083,748,182","0.00%","0.00","0.00","0.00","Analyze"
"GNRC","Generac Holdings Inc","Common stocks","Large cap","Industrials","$17,075,408,874","0.00%","0.00","0.00","0.00","Analyze"
"FDS","Factset Research Systems Inc","Common stocks","Large cap","Financials","$17,003,105,927","0.75%","0.00","0.00","0.00","Analyze"
"CAG","Conagra Brands Inc","Common stocks","Large cap","Consumer Staples","$16,918,435,490","3.55%","0.00","0.00","0.00","Analyze"
"CINF","Cincinnati Financial Corp","Common stocks","Large cap","Financials","$16,768,478,384","2.49%","0.00","0.00","0.00","Analyze"
"AES","AES Corp","Common stocks","Large cap","Utilities","$16,738,416,317","2.47%","0.00","0.00","0.00","Analyze"
"INCY","Incyte Corp","Common stocks","Large cap","Health Care","$16,673,400,400","0.00%","0.00","0.00","0.00","Analyze"
"DRI","Darden Restaurants Inc","Common stocks","Large cap","Consumer Discretionary","$16,652,187,152","3.31%","0.00","0.00","0.00","Analyze"
"KMX","Carmax Inc","Common stocks","Large cap","Consumer Discretionary","$16,588,279,686","0.00%","0.00","0.00","0.00","Analyze"
"AVY","Avery Dennison Corp","Common stocks","Large cap","Materials","$16,586,057,797","1.36%","0.00","0.00","0.00","Analyze"
"ATO","Atmos Energy Corp","Common stocks","Large cap","Utilities","$16,448,491,718","2.27%","0.00","0.00","0.00","Analyze"
"NTAP","NetApp Inc","Common stocks","Large cap","Information Technology","$16,429,560,678","2.65%","0.00","0.00","0.00","Analyze"
"IEX","IDEX Corp","Common stocks","Large cap","Industrials","$16,409,151,283","1.04%","0.00","0.00","0.00","Analyze"
"DGX","Quest Diagnostics Inc","Common stocks","Large cap","Health Care","$16,386,682,496","1.82%","0.00","0.00","0.00","Analyze"
"UDR","UDR, Inc","REITs","Large cap","Real Estate","$16,372,883,827","2.92%","0.00","0.00","0.00","Analyze"
"EVRG","Evergy Inc","Common stocks","Large cap","Utilities","$16,344,261,549","3.16%","0.00","0.00","0.00","Analyze"
"MRO","Marathon Oil Corp","Common stocks","Large cap","Energy","$16,312,274,300","1.25%","0.00","0.00","0.00","Analyze"
"IP","International Paper","Common stocks","Large cap","Materials","$16,283,517,778","4.05%","0.00","0.00","0.00","Analyze"
"HWM","Howmet Aerospace Inc.","Common stocks","Large cap","Industrials","$16,088,558,887","0.21%","0.00","0.00","0.00","Analyze"
"LNT","Alliant Energy Corp","Common stocks","Large cap","Utilities","$16,074,334,422","2.60%","0.00","0.00","0.00","Analyze"
"TER","Teradyne Inc","Common stocks","Large cap","Information Technology","$15,925,883,054","0.41%","0.00","0.00","0.00","Analyze"
"BIO","Bio Rad Laboratories Inc Class A","Common stocks","Large cap","Health Care","$15,781,561,320","0.00%","0.00","0.00","0.00","Analyze"
"IRM","Iron Mountain Incorporated","REITs","Large cap","Real Estate","$15,731,001,667","4.48%","0.00","0.00","0.00","Analyze"
"CPT","Camden Property Trust","REITs","Large cap","Real Estate","$15,628,734,030","2.39%","0.00","0.00","0.00","Analyze"
"AKAM","Akamai Technologies Inc","Common stocks","Large cap","Information Technology","$15,590,516,585","0.00%","0.00","0.00","0.00","Analyze"
"POOL","Pool Corp","Common stocks","Large cap","Consumer Discretionary","$15,546,052,682","0.91%","0.00","0.00","0.00","Analyze"
"LKQ","LKQ Corp","Common stocks","Large cap","Consumer Discretionary","$15,450,899,661","1.76%","0.00","0.00","0.00","Analyze"
"WDC","Western Digital Corp","Common stocks","Large cap","Information Technology","$15,420,383,358","0.00%","0.00","0.00","0.00","Analyze"
"JKHY","Jack Henry & Associates, Inc.","Common stocks","Large cap","Information Technology","$15,362,682,235","0.90%","0.00","0.00","0.00","Analyze"
"SWK","Stanley Black & Decker Inc","Common stocks","Large cap","Industrials","$15,310,761,082","3.02%","0.00","0.00","0.00","Analyze"
"ETSY","Etsy Inc","Common stocks","Large cap","Consumer Discretionary","$15,301,951,291","0.00%","0.00","0.00","0.00","Analyze"
"PEAK","Healthpeak Properties, Inc.","REITs","Large cap","Real Estate","$15,243,175,624","4.18%","0.00","0.00","0.00","Analyze"
"CPB","Campbell Soup","Common stocks","Large cap","Consumer Staples","$15,236,177,975","2.88%","0.00","0.00","0.00","Analyze"
"OMC","Omnicom Group Inc","Common stocks","Large cap","Communication Services","$15,092,814,704","3.75%","0.00","0.00","0.00","Analyze"
"SJM","J.M. Smucker","Common stocks","Large cap","Consumer Staples","$14,916,282,927","2.87%","0.00","0.00","0.00","Analyze"
"DPZ","Dominos Pizza Inc","Common stocks","Large cap","Consumer Discretionary","$14,746,266,198","0.99%","0.00","0.00","0.00","Analyze"
"KIM","Kimco Realty Corporation","REITs","Large cap","Real Estate","$14,676,577,575","3.04%","0.00","0.00","0.00","Analyze"
"NVR","NVR, Inc.","Common stocks","Large cap","Consumer Discretionary","$14,591,445,925","0.00%","0.00","0.00","0.00","Analyze"
"CHRW","C.H. Robinson Worldwide, Inc.","Common stocks","Large cap","Industrials","$14,562,481,797","1.82%","0.00","0.00","0.00","Analyze"
"PTC","PTC Inc","Common stocks","Large cap","Information Technology","$14,558,783,013","0.00%","0.00","0.00","0.00","Analyze"
"TECH","Bio-Techne Corp","Common stocks","Large cap","Health Care","$14,518,753,081","0.35%","0.00","0.00","0.00","Analyze"
"TXT","Textron Inc","Common stocks","Large cap","Industrials","$14,487,798,394","0.12%","0.00","0.00","0.00","Analyze"
"BEN","Franklin Resources Inc","Common stocks","Large cap","Financials","$14,347,701,226","3.93%","0.00","0.00","0.00","Analyze"
"FMC","FMC Corp","Common stocks","Large cap","Materials","$14,329,126,441","1.81%","0.00","0.00","0.00","Analyze"
"MGM","MGM Resorts International","Common stocks","Large cap","Consumer Discretionary","$14,218,504,657","0.03%","0.00","0.00","0.00","Analyze"
"L","Loews Corp","Common stocks","Large cap","Financials","$14,167,703,768","0.42%","0.00","0.00","0.00","Analyze"
"NDSN","Nordson Corp","Common stocks","Large cap","Industrials","$14,135,247,746","0.83%","0.00","0.00","0.00","Analyze"
"BXP","Boston Properties, Inc","REITs","Large cap","Real Estate","$14,079,476,304","4.30%","0.00","0.00","0.00","Analyze"
"HST","Host Hotels & Resorts, Inc","REITs","Large cap","Real Estate","$13,954,703,962","0.46%","0.00","0.00","0.00","Analyze"
"NLOK","NortonLifeLock Inc.","Common stocks","Large cap","Information Technology","$13,832,772,918","2.05%","0.00","0.00","0.00","Analyze"
"LDOS","Leidos Holdings Inc","Common stocks","Large cap","Industrials","$13,820,643,277","1.41%","0.00","0.00","0.00","Analyze"
"PKG","Packaging Corp Of America","Common stocks","Large cap","Materials","$13,663,532,051","2.88%","0.00","0.00","0.00","Analyze"
"VTRS","Viatris Inc.","Common stocks","Large cap","Health Care","$13,386,893,578","4.11%","0.00","0.00","0.00","Analyze"
"ABMD","Abiomed Inc","Common stocks","Large cap","Health Care","$13,282,579,694","0.00%","0.00","0.00","0.00","Analyze"
"UAL","United Continental Holdings Inc","Common stocks","Large cap","Industrials","$13,164,543,882","0.00%","0.00","0.00","0.00","Analyze"
"CTXS","Citrix Systems Inc","Common stocks","Large cap","Information Technology","$13,097,078,061","0.72%","0.00","0.00","0.00","Analyze"
"NI","Nisource Inc","Common stocks","Large cap","Utilities","$12,819,995,708","2.89%","0.00","0.00","0.00","Analyze"
"CE","Celanese Corporation","Common stocks","Large cap","Materials","$12,766,721,783","2.29%","0.00","0.00","0.00","Analyze"
"CBOE","Cboe Global Markets, Inc.","Common stocks","Large cap","Financials","$12,718,984,540","1.59%","0.00","0.00","0.00","Analyze"
"AAP","Advance Auto Parts Inc","Common stocks","Large cap","Consumer Discretionary","$12,710,107,320","2.36%","0.00","0.00","0.00","Analyze"
"MAS","Masco Corp","Common stocks","Large cap","Industrials","$12,638,121,915","1.90%","0.00","0.00","0.00","Analyze"
"SBNY","Signature Bank","Common stocks","Large cap","Financials","$12,558,221,419","1.08%","0.00","0.00","0.00","Analyze"
"EMN","Eastman Chemical","Common stocks","Large cap","Materials","$12,515,414,745","2.88%","0.00","0.00","0.00","Analyze"
"SNA","Snap On Inc","Common stocks","Large cap","Industrials","$12,430,061,898","2.34%","0.00","0.00","0.00","Analyze"
"CCL","Carnival Corp","Common stocks","Large cap","Consumer Discretionary","$12,353,648,279","0.00%","0.00","0.00","0.00","Analyze"
"IPG","Interpublic Group Of Companies Inc","Common stocks","Large cap","Communication Services","$12,004,567,152","3.60%","0.00","0.00","0.00","Analyze"
"LW","Lamb Weston Holdings Inc","Common stocks","Large cap","Consumer Staples","$11,878,650,079","1.17%","0.00","0.00","0.00","Analyze"
"TFX","Teleflex Inc","Common stocks","Large cap","Health Care","$11,872,197,699","0.54%","0.00","0.00","0.00","Analyze"
"LUMN","CenturyLink, Inc.","Common stocks","Large cap","Communication Services","$11,657,921,813","8.64%","0.00","0.00","0.00","Analyze"
"CRL","Charles River Laboratories International","Common stocks","Large cap","Health Care","$11,602,937,593","0.00%","0.00","0.00","0.00","Analyze"
"REG","Regency Centers Corporation","REITs","Large cap","Real Estate","$11,475,884,131","3.66%","0.00","0.00","0.00","Analyze"
"TAP","Molson Coors Brewing Class B","Common stocks","Large cap","Consumer Staples","$11,467,812,068","2.52%","0.00","0.00","0.00","Analyze"
"HAS","Hasbro Inc","Common stocks","Large cap","Consumer Discretionary","$11,381,482,144","3.31%","0.00","0.00","0.00","Analyze"
"CMA","Comerica Inc","Common stocks","Large cap","Financials","$11,317,218,303","3.10%","0.00","0.00","0.00","Analyze"
"RCL","Royal Caribbean Cruises Ltd","Common stocks","Large cap","Consumer Discretionary","$11,243,009,404","0.00%","0.00","0.00","0.00","Analyze"
"CZR","Caesars Entertainment Corp","Common stocks","Large cap","Consumer Discretionary","$11,160,400,582","0.00%","0.00","0.00","0.00","Analyze"
"QRVO","Qorvo, Inc.","Common stocks","Large cap","Information Technology","$11,136,745,798","0.00%","0.00","0.00","0.00","Analyze"
"WRK","Westrock","Common stocks","Large cap","Materials","$10,948,440,545","2.31%","0.00","0.00","0.00","Analyze"
"RE","Everest Re Group Ltd","Common stocks","Large cap","Financials","$10,928,519,449","2.25%","0.00","0.00","0.00","Analyze"
"NWS","News Corp Class B","Common stocks","Large cap","Communication Services","$10,869,336,498","1.06%","0.00","0.00","0.00","Analyze"
"NWSA","News Corp Class A","Common stocks","Large cap","Communication Services","$10,869,336,498","1.07%","0.00","0.00","0.00","Analyze"
"APA","Apache Corp","Common stocks","Large cap","Energy","$10,847,334,971","1.31%","0.00","0.00","0.00","Analyze"
"CDAY","Ceridian HCM Holding Inc.","Common stocks","Large cap","Information Technology","$10,668,085,446","0.00%","0.00","0.00","0.00","Analyze"
"MKTX","Marketaxess Holdings Inc","Common stocks","Large cap","Financials","$10,445,855,020","0.99%","0.00","0.00","0.00","Analyze"
"HSIC","Henry Schein Inc","Common stocks","Large cap","Health Care","$10,405,972,179","0.00%","0.00","0.00","0.00","Analyze"
"AOS","A O Smith Corp","Common stocks","Large cap","Industrials","$10,386,850,460","1.73%","0.00","0.00","0.00","Analyze"
"PHM","Pultegroup Inc","Common stocks","Large cap","Consumer Discretionary","$10,313,249,265","1.32%","0.00","0.00","0.00","Analyze"
"FFIV","F5 Networks Inc","Common stocks","Large cap","Information Technology","$10,301,281,279","0.00%","0.00","0.00","0.00","Analyze"
"DISH","Dish Network Corp Class A","Common stocks","Large cap","Communication Services","$10,241,083,554","0.00%","0.00","0.00","0.00","Analyze"
"GL","Globe Life Inc.","Common stocks","Large cap","Financials","$10,086,730,828","0.78%","0.00","0.00","0.00","Analyze"
"AAL","American Airlines Group Inc","Common stocks","Large cap","Materials","$10,072,611,869","0.00%","0.00","0.00","0.00","Analyze"
"NRG","NRG Energy Inc","Common stocks","Large cap","Utilities","$10,017,268,249","3.18%","0.00","0.00","0.00","Analyze"
"NLSN","Nielsen Holdings Plc","Common stocks","Mid cap","Industrials","$9,924,231,125","0.87%","0.00","0.00","0.00","Analyze"
"WHR","Whirlpool Corp","Common stocks","Mid cap","Consumer Discretionary","$9,569,434,311","3.54%","0.00","0.00","0.00","Analyze"
"ALLE","Allegion PLC","Common stocks","Mid cap","Industrials","$9,526,914,252","1.41%","0.00","0.00","0.00","Analyze"
"BWA","BorgWarner Inc","Common stocks","Mid cap","Consumer Discretionary","$9,414,040,717","1.71%","0.00","0.00","0.00","Analyze"
"JNPR","Juniper Networks Inc","Common stocks","Mid cap","Information Technology","$9,387,935,402","2.81%","0.00","0.00","0.00","Analyze"
"BBWI","Bath & Body Works, Inc.","Common stocks","Mid cap","Consumer Discretionary","$9,382,732,671","1.70%","0.00","0.00","0.00","Analyze"
"TPR","Tapestry","Common stocks","Mid cap","Consumer Discretionary","$9,351,940,133","2.67%","0.00","0.00","0.00","Analyze"
"HII","Huntington Ingalls Industries Inc","Common stocks","Mid cap","Industrials","$9,329,396,367","1.99%","0.00","0.00","0.00","Analyze"
"UHS","Universal Health Services Inc.","Common stocks","Mid cap","Health Care","$9,215,144,448","0.74%","0.00","0.00","0.00","Analyze"
"FRT","Federal Realty Investment Trust","REITs","Mid cap","Real Estate","$9,144,242,956","1.89%","0.00","0.00","0.00","Analyze"
"FBHS","Fortune Brands Home And Security","Common stocks","Mid cap","Industrials","$9,058,654,729","1.53%","0.00","0.00","0.00","Analyze"
"AIZ","Assurant Inc","Common stocks","Mid cap","Financials","$9,057,823,054","1.58%","0.00","0.00","0.00","Analyze"
"RHI","Robert Half","Common stocks","Mid cap","Industrials","$8,977,991,350","1.97%","0.00","0.00","0.00","Analyze"
"ZION","Zions Bancorporation","Common stocks","Mid cap","Financials","$8,876,306,411","1.93%","0.00","0.00","0.00","Analyze"
"NWL","Newell Brands Inc","Common stocks","Mid cap","Consumer Discretionary","$8,859,312,000","4.23%","0.00","0.00","0.00","Analyze"
"PNW","Pinnacle West Corp","Common stocks","Mid cap","Utilities","$8,845,663,422","4.27%","0.00","0.00","0.00","Analyze"
"LNC","Lincoln National Corp","Common stocks","Mid cap","Financials","$8,703,659,112","3.42%","0.00","0.00","0.00","Analyze"
"IVZ","Invesco Ltd","Common stocks","Mid cap","Financials","$8,616,566,100","3.72%","0.00","0.00","0.00","Analyze"
"SEE","Sealed Air Corp","Common stocks","Mid cap","Materials","$8,610,516,301","1.34%","0.00","0.00","0.00","Analyze"
"DVA","Davita Inc","Common stocks","Mid cap","Health Care","$8,483,596,000","0.00%","0.00","0.00","0.00","Analyze"
"PNR","Pentair","Common stocks","Mid cap","Industrials","$8,379,232,516","1.62%","0.00","0.00","0.00","Analyze"
"MHK","Mohawk Industries Inc","Common stocks","Mid cap","Consumer Discretionary","$8,040,831,653","0.00%","0.00","0.00","0.00","Analyze"
"OGN","Organon & Co.","Common stocks","Mid cap","Health Care","$7,930,004,817","4.42%","0.00","0.00","0.00","Analyze"
"XRAY","Dentsply Sirona Inc","Common stocks","Mid cap","Health Care","$7,924,308,230","1.27%","0.00","0.00","0.00","Analyze"
"WYNN","Wynn Resorts Ltd","Common stocks","Mid cap","Consumer Discretionary","$7,715,417,353","0.00%","0.00","0.00","0.00","Analyze"
"RL","Ralph Lauren Corp Class A","Common stocks","Mid cap","Consumer Discretionary","$7,372,916,027","2.76%","0.00","0.00","0.00","Analyze"
"DXC","DXC Technology Company","Common stocks","Mid cap","Information Technology","$6,133,113,824","0.00%","0.00","0.00","0.00","Analyze"
"ALK","Alaska Air Group Inc","Common stocks","Mid cap","Industrials","$6,082,669,590","0.00%","0.00","0.00","0.00","Analyze"
"PENN","Penn National Gaming Inc","Common stocks","Mid cap","Consumer Discretionary","$5,900,111,927","0.00%","0.00","0.00","0.00","Analyze"
"VNO","Vornado Realty Trust","REITs","Mid cap","Real Estate","$5,826,126,292","6.81%","0.00","0.00","0.00","Analyze"
"PVH","PVH Corp","Common stocks","Mid cap","Consumer Discretionary","$4,752,859,058","0.16%","0.00","0.00","0.00","Analyze"
"NCLH","Norwegian Cruise Line Holdings Ltd","Common stocks","Mid cap","Consumer Discretionary","$3,128,944,000","0.00%","0.00","0.00","0.00","Analyze"